-- --------------------------------------------------------
-- Hôte:                         127.0.0.1
-- Version du serveur:           8.4.3 - MySQL Community Server - GPL
-- SE du serveur:                Win64
-- HeidiSQL Version:             12.8.0.6908
-- --------------------------------------------------------

/*!40101 SET @OLD_CHARACTER_SET_CLIENT=@@CHARACTER_SET_CLIENT */;
/*!40101 SET NAMES utf8 */;
/*!50503 SET NAMES utf8mb4 */;
/*!40103 SET @OLD_TIME_ZONE=@@TIME_ZONE */;
/*!40103 SET TIME_ZONE='+00:00' */;
/*!40014 SET @OLD_FOREIGN_KEY_CHECKS=@@FOREIGN_KEY_CHECKS, FOREIGN_KEY_CHECKS=0 */;
/*!40101 SET @OLD_SQL_MODE=@@SQL_MODE, SQL_MODE='NO_AUTO_VALUE_ON_ZERO' */;
/*!40111 SET @OLD_SQL_NOTES=@@SQL_NOTES, SQL_NOTES=0 */;


-- Listage de la structure de la base pour pokemon
CREATE DATABASE IF NOT EXISTS `pokemon` /*!40100 DEFAULT CHARACTER SET utf8mb4 COLLATE utf8mb4_0900_ai_ci */ /*!80016 DEFAULT ENCRYPTION='N' */;
USE `pokemon`;

-- Listage de la structure de table pokemon. pokemon
CREATE TABLE IF NOT EXISTS `pokemon` (
  `id` int NOT NULL,
  `Name` varchar(255) NOT NULL,
  `Hp` int NOT NULL,
  `Attack` int NOT NULL,
  `Defense` int NOT NULL,
  `SpecialAttack` int NOT NULL,
  `SpecialDefense` int NOT NULL,
  `Speed` int NOT NULL,
  PRIMARY KEY (`id`)
) ENGINE=InnoDB DEFAULT CHARSET=utf8mb4 COLLATE=utf8mb4_0900_ai_ci;

-- Listage des données de la table pokemon.pokemon : ~151 rows (environ)
INSERT INTO `pokemon` (`id`, `Name`, `Hp`, `Attack`, `Defense`, `SpecialAttack`, `SpecialDefense`, `Speed`) VALUES
	(1, 'Bulbasaur', 45, 49, 49, 65, 65, 45),
	(2, 'Ivysaur', 60, 62, 63, 80, 80, 60),
	(3, 'Venusaur', 80, 82, 83, 100, 100, 80),
	(4, 'Charmander', 39, 52, 43, 60, 50, 65),
	(5, 'Charmeleon', 58, 64, 58, 80, 65, 80),
	(6, 'Charizard', 78, 84, 78, 109, 85, 100),
	(7, 'Squirtle', 44, 48, 65, 50, 64, 43),
	(8, 'Wartortle', 59, 63, 80, 65, 80, 58),
	(9, 'Blastoise', 79, 83, 100, 85, 105, 78),
	(10, 'Caterpie', 45, 30, 35, 20, 20, 45),
	(11, 'Metapod', 50, 20, 55, 25, 25, 30),
	(12, 'Butterfree', 60, 45, 50, 90, 80, 70),
	(13, 'Weedle', 40, 35, 30, 20, 20, 50),
	(14, 'Kakuna', 45, 25, 50, 25, 25, 35),
	(15, 'Beedrill', 65, 90, 40, 45, 80, 75),
	(16, 'Pidgey', 40, 45, 40, 35, 35, 56),
	(17, 'Pidgeotto', 63, 60, 55, 50, 50, 71),
	(18, 'Pidgeot', 83, 80, 75, 70, 70, 101),
	(19, 'Rattata', 30, 56, 35, 25, 35, 72),
	(20, 'Raticate', 55, 81, 60, 50, 70, 97),
	(21, 'Spearow', 40, 60, 30, 31, 31, 70),
	(22, 'Fearow', 65, 90, 65, 61, 61, 100),
	(23, 'Ekans', 35, 60, 44, 40, 54, 55),
	(24, 'Arbok', 60, 85, 69, 65, 79, 80),
	(25, 'Pikachu', 35, 55, 40, 50, 50, 90),
	(26, 'Raichu', 60, 90, 55, 90, 80, 110),
	(27, 'Sandshrew', 50, 75, 85, 20, 30, 40),
	(28, 'Sandslash', 75, 100, 110, 45, 55, 65),
	(29, 'NidoranF', 55, 47, 52, 40, 40, 41),
	(30, 'Nidorina', 70, 62, 67, 55, 55, 56),
	(31, 'Nidoqueen', 90, 92, 87, 75, 85, 76),
	(32, 'NidoranM', 46, 57, 40, 40, 40, 50),
	(33, 'Nidorino', 61, 72, 57, 55, 55, 65),
	(34, 'Nidoking', 81, 102, 77, 85, 75, 85),
	(35, 'Clefairy', 70, 45, 48, 60, 65, 35),
	(36, 'Clefable', 95, 70, 73, 95, 90, 60),
	(37, 'Vulpix', 38, 41, 40, 50, 65, 65),
	(38, 'Ninetales', 73, 76, 75, 81, 100, 100),
	(39, 'Jigglypuff', 115, 45, 20, 45, 25, 20),
	(40, 'Wigglytuff', 140, 70, 45, 85, 50, 45),
	(41, 'Zubat', 40, 45, 35, 30, 40, 55),
	(42, 'Golbat', 75, 80, 70, 65, 75, 90),
	(43, 'Oddish', 45, 50, 55, 75, 65, 30),
	(44, 'Gloom', 60, 65, 70, 85, 75, 40),
	(45, 'Vileplume', 75, 80, 85, 110, 90, 50),
	(46, 'Paras', 35, 70, 55, 45, 55, 25),
	(47, 'Parasect', 60, 95, 80, 60, 80, 30),
	(48, 'Venonat', 60, 55, 50, 40, 55, 45),
	(49, 'Venomoth', 70, 65, 60, 90, 75, 90),
	(50, 'Diglett', 10, 55, 25, 35, 45, 95),
	(51, 'Dugtrio', 35, 100, 50, 50, 70, 120),
	(52, 'Meowth', 40, 45, 35, 40, 40, 90),
	(53, 'Persian', 65, 70, 60, 65, 65, 115),
	(54, 'Psyduck', 50, 52, 48, 65, 50, 55),
	(55, 'Golduck', 80, 82, 78, 95, 80, 85),
	(56, 'Mankey', 40, 80, 35, 35, 45, 70),
	(57, 'Primeape', 65, 105, 60, 60, 70, 95),
	(58, 'Growlithe', 55, 70, 45, 70, 50, 60),
	(59, 'Arcanine', 90, 110, 80, 100, 80, 95),
	(60, 'Poliwag', 40, 50, 40, 40, 40, 90),
	(61, 'Poliwhirl', 65, 65, 65, 50, 50, 90),
	(62, 'Poliwrath', 90, 95, 95, 70, 90, 70),
	(63, 'Abra', 25, 20, 15, 105, 55, 90),
	(64, 'Kadabra', 40, 35, 30, 120, 70, 105),
	(65, 'Alakazam', 55, 50, 45, 135, 95, 120),
	(66, 'Machop', 70, 80, 50, 35, 35, 35),
	(67, 'Machoke', 80, 100, 70, 50, 60, 45),
	(68, 'Machamp', 90, 130, 80, 65, 85, 55),
	(69, 'Bellsprout', 50, 75, 35, 70, 30, 40),
	(70, 'Weepinbell', 65, 90, 50, 85, 45, 55),
	(71, 'Victreebel', 80, 105, 65, 100, 70, 70),
	(72, 'Tentacool', 40, 40, 35, 50, 100, 70),
	(73, 'Tentacruel', 80, 70, 65, 80, 120, 100),
	(74, 'Geodude', 40, 80, 100, 30, 30, 20),
	(75, 'Graveler', 55, 95, 115, 45, 45, 35),
	(76, 'Golem', 80, 120, 130, 55, 65, 45),
	(77, 'Ponyta', 50, 85, 55, 65, 65, 90),
	(78, 'Rapidash', 65, 100, 70, 80, 80, 105),
	(79, 'Slowpoke', 90, 65, 65, 40, 40, 15),
	(80, 'Slowbro', 95, 75, 110, 100, 80, 30),
	(81, 'Magnemite', 25, 35, 70, 95, 55, 45),
	(82, 'Magneton', 50, 60, 95, 120, 70, 70),
	(83, 'Farfetchd', 52, 90, 55, 58, 62, 60),
	(84, 'Doduo', 35, 85, 45, 35, 35, 75),
	(85, 'Dodrio', 60, 110, 70, 60, 60, 110),
	(86, 'Seel', 65, 45, 55, 45, 70, 45),
	(87, 'Dewgong', 90, 70, 80, 70, 95, 70),
	(88, 'Grimer', 80, 80, 50, 40, 50, 25),
	(89, 'Muk', 105, 105, 75, 65, 100, 50),
	(90, 'Shellder', 30, 65, 100, 45, 25, 40),
	(91, 'Cloyster', 50, 95, 180, 85, 45, 70),
	(92, 'Gastly', 30, 35, 30, 100, 35, 80),
	(93, 'Haunter', 45, 50, 45, 115, 55, 95),
	(94, 'Gengar', 60, 65, 60, 130, 75, 110),
	(95, 'Onix', 35, 45, 160, 30, 45, 70),
	(96, 'Drowzee', 60, 48, 45, 43, 90, 42),
	(97, 'Hypno', 85, 73, 70, 73, 115, 67),
	(98, 'Krabby', 30, 105, 90, 25, 25, 50),
	(99, 'Kingler', 55, 130, 115, 50, 50, 75),
	(100, 'Voltorb', 40, 30, 50, 55, 55, 100),
	(101, 'Electrode', 60, 50, 70, 80, 80, 150),
	(102, 'Exeggcute', 60, 40, 80, 60, 45, 40),
	(103, 'Exeggutor', 95, 95, 85, 125, 75, 55),
	(104, 'Cubone', 50, 50, 95, 40, 50, 35),
	(105, 'Marowak', 60, 80, 110, 50, 80, 45),
	(106, 'Hitmonlee', 50, 120, 53, 35, 110, 87),
	(107, 'Hitmonchan', 50, 105, 79, 35, 110, 76),
	(108, 'Lickitung', 90, 55, 75, 60, 75, 30),
	(109, 'Koffing', 40, 65, 95, 60, 45, 35),
	(110, 'Weezing', 65, 90, 120, 85, 70, 60),
	(111, 'Rhyhorn', 80, 85, 95, 30, 30, 25),
	(112, 'Rhydon', 105, 130, 120, 45, 45, 40),
	(113, 'Chansey', 250, 5, 5, 35, 105, 50),
	(114, 'Tangela', 65, 55, 115, 100, 40, 60),
	(115, 'Kangaskhan', 105, 95, 80, 40, 80, 90),
	(116, 'Horsea', 30, 40, 70, 70, 25, 60),
	(117, 'Seadra', 55, 65, 95, 95, 45, 85),
	(118, 'Goldeen', 45, 67, 60, 35, 50, 63),
	(119, 'Seaking', 80, 92, 65, 65, 80, 68),
	(120, 'Staryu', 30, 45, 55, 70, 55, 85),
	(121, 'Starmie', 60, 75, 85, 100, 85, 115),
	(122, 'Mr. Mime', 40, 45, 65, 100, 120, 90),
	(123, 'Scyther', 70, 110, 80, 55, 80, 105),
	(124, 'Jynx', 65, 50, 35, 115, 95, 95),
	(125, 'Electabuzz', 65, 83, 57, 95, 85, 105),
	(126, 'Magmar', 65, 95, 57, 100, 85, 93),
	(127, 'Pinsir', 65, 125, 100, 55, 70, 85),
	(128, 'Tauros', 75, 100, 95, 40, 70, 110),
	(129, 'Magikarp', 20, 10, 55, 15, 20, 80),
	(130, 'Gyarados', 95, 125, 79, 60, 100, 81),
	(131, 'Lapras', 130, 85, 80, 85, 95, 60),
	(132, 'Ditto', 48, 48, 48, 48, 48, 48),
	(133, 'Eevee', 55, 55, 50, 45, 65, 55),
	(134, 'Vaporeon', 130, 65, 60, 110, 95, 65),
	(135, 'Jolteon', 65, 65, 60, 110, 95, 130),
	(136, 'Flareon', 65, 130, 60, 95, 110, 65),
	(137, 'Porygon', 65, 60, 70, 85, 75, 40),
	(138, 'Omanyte', 35, 40, 100, 90, 55, 35),
	(139, 'Omastar', 70, 60, 125, 115, 70, 55),
	(140, 'Kabuto', 30, 80, 90, 55, 45, 55),
	(141, 'Kabutops', 60, 115, 105, 65, 70, 80),
	(142, 'Aerodactyl', 80, 105, 65, 60, 75, 130),
	(143, 'Snorlax', 160, 110, 65, 65, 110, 30),
	(144, 'Articuno', 90, 85, 100, 95, 125, 85),
	(145, 'Zapdos', 90, 90, 85, 125, 90, 100),
	(146, 'Moltres', 90, 100, 90, 125, 85, 90),
	(147, 'Dratini', 41, 64, 45, 50, 50, 50),
	(148, 'Dragonair', 61, 84, 65, 70, 70, 70),
	(149, 'Dragonite', 91, 134, 95, 100, 100, 80),
	(150, 'Mewtwo', 106, 110, 90, 154, 90, 130),
	(151, 'Mew', 100, 100, 100, 100, 100, 100);

-- Listage de la structure de table pokemon. type
CREATE TABLE IF NOT EXISTS `type` (
  `id` int NOT NULL,
  `Name` varchar(250) NOT NULL,
  PRIMARY KEY (`id`)
) ENGINE=InnoDB DEFAULT CHARSET=utf8mb4 COLLATE=utf8mb4_0900_ai_ci;

-- Listage des données de la table pokemon.type : ~19 rows (environ)
INSERT INTO `type` (`id`, `Name`) VALUES
	(1, 'Bug'),
	(2, 'Dark'),
	(3, 'Dragon'),
	(4, 'Electric'),
	(5, 'Fairy'),
	(6, 'Fighting'),
	(7, 'Fire'),
	(8, 'Flying'),
	(9, 'Ghost'),
	(10, 'Grass'),
	(11, 'Ground'),
	(12, 'Ice'),
	(13, 'Normal'),
	(14, 'Poison'),
	(15, 'Psychic'),
	(16, 'Rock'),
	(17, 'Steel'),
	(18, 'Stellar'),
	(19, 'Water');

-- Listage de la structure de table pokemon. typeimmune
CREATE TABLE IF NOT EXISTS `typeimmune` (
  `IdType` int NOT NULL,
  `IdImmune` int NOT NULL,
  KEY `FK_typeimmune_type` (`IdType`),
  KEY `FK_typeimmune_type_2` (`IdImmune`),
  CONSTRAINT `FK_typeimmune_type` FOREIGN KEY (`IdType`) REFERENCES `type` (`id`),
  CONSTRAINT `FK_typeimmune_type_2` FOREIGN KEY (`IdImmune`) REFERENCES `type` (`id`)
) ENGINE=InnoDB DEFAULT CHARSET=utf8mb4 COLLATE=utf8mb4_0900_ai_ci;

-- Listage des données de la table pokemon.typeimmune : ~8 rows (environ)
INSERT INTO `typeimmune` (`IdType`, `IdImmune`) VALUES
	(2, 15),
	(5, 3),
	(8, 11),
	(9, 6),
	(9, 13),
	(11, 4),
	(13, 9),
	(17, 14);

-- Listage de la structure de table pokemon. typeresistance
CREATE TABLE IF NOT EXISTS `typeresistance` (
  `IdType` int NOT NULL,
  `IdResistance` int NOT NULL,
  KEY `FK_typeresistance_type` (`IdType`) USING BTREE,
  KEY `FK_typeresistance_type_2` (`IdResistance`) USING BTREE,
  CONSTRAINT `FK_typeresistance_type` FOREIGN KEY (`IdType`) REFERENCES `type` (`id`),
  CONSTRAINT `FK_typeresistance_type_2` FOREIGN KEY (`IdResistance`) REFERENCES `type` (`id`)
) ENGINE=InnoDB DEFAULT CHARSET=utf8mb4 COLLATE=utf8mb4_0900_ai_ci;

-- Listage des données de la table pokemon.typeresistance : ~61 rows (environ)
INSERT INTO `typeresistance` (`IdType`, `IdResistance`) VALUES
	(1, 10),
	(1, 6),
	(1, 11),
	(2, 2),
	(2, 9),
	(3, 4),
	(3, 7),
	(3, 10),
	(3, 19),
	(4, 4),
	(4, 8),
	(4, 17),
	(5, 1),
	(5, 2),
	(5, 6),
	(6, 1),
	(6, 2),
	(6, 16),
	(7, 1),
	(7, 5),
	(7, 7),
	(7, 10),
	(7, 12),
	(7, 17),
	(8, 1),
	(8, 6),
	(8, 10),
	(9, 1),
	(9, 14),
	(10, 4),
	(10, 10),
	(10, 11),
	(10, 19),
	(11, 14),
	(11, 16),
	(12, 12),
	(14, 1),
	(14, 5),
	(14, 6),
	(14, 10),
	(14, 14),
	(15, 6),
	(15, 15),
	(16, 7),
	(16, 8),
	(16, 13),
	(16, 13),
	(17, 1),
	(17, 3),
	(17, 5),
	(17, 8),
	(17, 10),
	(17, 12),
	(17, 13),
	(17, 15),
	(17, 16),
	(17, 17),
	(19, 5),
	(19, 12),
	(19, 17),
	(19, 19);

-- Listage de la structure de table pokemon. typeweakness
CREATE TABLE IF NOT EXISTS `typeweakness` (
  `IdType` int NOT NULL,
  `IdWeakness` int NOT NULL,
  KEY `FK__type` (`IdType`) USING BTREE,
  KEY `FK_typeweakness_type` (`IdWeakness`) USING BTREE,
  CONSTRAINT `FK_typeweakness_type` FOREIGN KEY (`IdType`) REFERENCES `type` (`id`),
  CONSTRAINT `FK_typeweakness_type_2` FOREIGN KEY (`IdWeakness`) REFERENCES `type` (`id`)
) ENGINE=InnoDB DEFAULT CHARSET=utf8mb4 COLLATE=utf8mb4_0900_ai_ci;

-- Listage des données de la table pokemon.typeweakness : ~51 rows (environ)
INSERT INTO `typeweakness` (`IdType`, `IdWeakness`) VALUES
	(1, 7),
	(1, 8),
	(1, 16),
	(2, 1),
	(2, 5),
	(2, 6),
	(3, 3),
	(3, 5),
	(3, 12),
	(4, 11),
	(5, 14),
	(5, 17),
	(6, 5),
	(6, 8),
	(6, 15),
	(7, 11),
	(7, 16),
	(7, 19),
	(8, 4),
	(8, 12),
	(8, 16),
	(9, 2),
	(9, 9),
	(10, 1),
	(10, 7),
	(10, 8),
	(10, 12),
	(10, 14),
	(11, 10),
	(11, 12),
	(11, 19),
	(12, 6),
	(12, 7),
	(12, 16),
	(12, 17),
	(13, 6),
	(14, 11),
	(14, 15),
	(15, 1),
	(15, 2),
	(15, 9),
	(16, 6),
	(16, 10),
	(16, 11),
	(16, 17),
	(16, 19),
	(17, 6),
	(17, 7),
	(17, 11),
	(19, 4),
	(19, 10);

/*!40103 SET TIME_ZONE=IFNULL(@OLD_TIME_ZONE, 'system') */;
/*!40101 SET SQL_MODE=IFNULL(@OLD_SQL_MODE, '') */;
/*!40014 SET FOREIGN_KEY_CHECKS=IFNULL(@OLD_FOREIGN_KEY_CHECKS, 1) */;
/*!40101 SET CHARACTER_SET_CLIENT=@OLD_CHARACTER_SET_CLIENT */;
/*!40111 SET SQL_NOTES=IFNULL(@OLD_SQL_NOTES, 1) */;
